t,x,y,yaw,vx,vy,wz,bl_x,bl_y,bl_yaw,front_steering_joint,front_wheel_joint,rear_steering_joint,rear_wheel_joint
0.0,0.002526,0.000281,0.001617,0.008641,0.000231,-0.009616,0.001335,-0.510014,0.003058,-0.57844,-264.214004,0.615048,62.696865
0.0004,0.002517,0.000276,0.002689,-9.9e-05,-1.7e-05,0.0,0.001335,-0.510014,0.003058,-0.57844,-264.210358,0.615048,62.700602
