t,x,y,yaw,vx,vy,wz,bl_x,bl_y,bl_yaw,front_steering_joint,front_wheel_joint,rear_steering_joint,rear_wheel_joint
0.0,-0.000436,-0.000849,0.049671,0.006858,-0.000134,0.001127,0.024892,-0.510098,0.051161,0.080623,-263.427663,-0.119438,63.234524
0.0005,-0.000389,-0.000631,0.050832,0.007072,-0.000139,0.001163,0.025046,-0.510151,0.051122,0.080623,-263.424985,-0.119438,63.237212
