t,x,y,yaw,vx,vy,wz,bl_x,bl_y,bl_yaw,front_steering_joint,front_wheel_joint,rear_steering_joint,rear_wheel_joint
0.0,0.002457,1e-05,0.001904,0.008653,-0.000129,-0.008833,0.001212,-0.509973,0.002489,-0.568101,-264.334594,0.546695,62.730626
0.0005,0.002637,-0.00017,0.001734,-9.9e-05,-1.3e-05,0.0,0.001212,-0.509973,0.002489,-0.568101,-264.33097,0.546695,62.734201
