t,x,y,yaw,vx,vy,wz,bl_x,bl_y,bl_yaw,front_steering_joint,front_wheel_joint,rear_steering_joint,rear_wheel_joint
0.0,-0.000624,0.001381,-0.001274,-8.8e-05,-4.8e-05,0.0,-0.000489,-0.508927,0.000481,-0.229903,-262.405543,-0.260937,70.209963
0.0003,-0.000755,0.001461,-0.001532,-8.8e-05,-4.8e-05,0.0,-0.000407,-0.508929,0.000588,-0.155065,-262.405543,-0.186099,70.209963
0.0005,-0.000731,0.001208,0.000377,-8.8e-05,-4.8e-05,0.0,-0.000407,-0.508929,0.000588,-0.080108,-262.405543,-0.111143,70.209963
0.0007,-0.000696,0.001205,-0.00057,-2e-06,-1e-06,-3.4e-05,-0.000407,-0.508929,0.000588,-0.080108,-262.405543,-0.111143,70.209963
0.0009,-0.000593,0.001337,-0.000411,-0.00037,-0.0002,-0.007726,-0.001025,-0.508641,-0.000274,-0.080108,-262.405543,-0.111143,70.209963
0.0011,-0.00074,0.000914,0.00081,-0.00072,-0.000389,-0.015039,-0.000674,-0.509276,0.000238,-0.080108,-262.405543,-0.111143,70.209963
