t,x,y,yaw,vx,vy,wz,bl_x,bl_y,bl_yaw,front_steering_joint,front_wheel_joint,rear_steering_joint,rear_wheel_joint
0.0,-0.002335,-0.00157,0.002118,-0.0001,-1e-06,0.0,-0.000492,-0.511174,0.003573,-0.287043,-260.899511,-0.134901,66.145363
0.0003,-0.001932,-0.001198,0.002094,-0.0001,-1e-06,0.0,-0.000492,-0.511174,0.003573,-0.287043,-260.899511,-0.134901,66.145363
0.0006,-0.002286,-0.001385,0.001899,-0.0001,-1e-06,0.0,-0.000492,-0.511174,0.003573,-0.212133,-260.899518,-0.059992,66.145356
0.0008,-0.002384,-0.001287,0.001549,-0.0001,-1e-06,0.0,-0.001919,-0.511427,0.000988,-0.137131,-260.899534,0.010248,66.145339
0.0012,-0.001945,-0.001188,0.002274,-0.0001,-1e-06,0.0,-0.001919,-0.511427,0.000988,-0.061974,-260.899563,0.010248,66.145311
0.0014,-0.002246,-0.001201,0.002183,-0.0001,-1e-06,0.0,-0.00164,-0.511364,0.001412,0.010248,-260.899599,0.010248,66.145274
0.0016,-0.002021,-0.00091,0.001603,-0.000501,-5e-06,0.009702,-0.00164,-0.511364,0.001412,0.010248,-260.899599,0.010248,66.145274
0.0018,-0.002194,-0.001202,0.002779,-0.000978,-1e-05,0.01893,-0.001126,-0.511338,0.001974,0.010248,-260.899599,0.010248,66.145274
0.0021,-0.002088,-0.00151,0.001395,-0.001429,-1.5e-05,0.027657,-0.001126,-0.511338,0.001974,0.010248,-260.899599,0.010248,66.145274
