t,x,y,yaw,vx,vy,wz,bl_x,bl_y,bl_yaw,front_steering_joint,front_wheel_joint,rear_steering_joint,rear_wheel_joint
0.0,0.00123,0.000754,0.000613,8.6e-05,-5.1e-05,0.0,0.000895,-0.509249,-2.7e-05,0.126203,-264.334884,0.291371,62.173372
0.0005,0.001272,0.000561,0.001856,8.6e-05,-5.1e-05,0.0,0.000895,-0.509249,-2.7e-05,0.126203,-264.334884,0.291371,62.173372
0.0008,0.001252,0.000819,0.000288,8.6e-05,-5.1e-05,0.0,0.001537,-0.509458,0.000669,0.050203,-264.334884,0.215371,62.173372
0.0011,0.001265,0.000624,0.001247,8.6e-05,-5.1e-05,0.0,0.001367,-0.509379,0.0006,-0.023798,-264.334884,0.141371,62.173372
0.0014,0.00106,0.000704,0.000933,3e-06,-2e-06,6.9e-05,0.001367,-0.509379,0.0006,-0.098799,-264.334884,0.06637,62.173372
0.0017,0.000843,0.000333,-0.0014,0.000352,-0.000208,0.007513,0.000671,-0.509149,-0.000757,-0.174381,-264.334884,-0.009213,62.173372
0.0021,0.000955,0.000323,0.001453,0.000686,-0.000405,0.014639,0.000671,-0.509149,-0.000757,-0.174381,-264.334884,-0.009213,62.173372
0.0024,0.000758,0.000951,0.000718,0.001001,-0.00059,0.02136,0.001389,-0.509272,0.000925,-0.174381,-264.334884,-0.009213,62.173372
0.0026,0.001286,0.000553,0.000284,0.001299,-0.000766,0.027719,0.001389,-0.509272,0.000925,-0.174381,-264.334884,-0.009213,62.173372
